Start Time,Duration,Run ID,Name,Source Type,Source Name,User,Status,batch_size,class_weight,epochs,initial_epoch,max_queue_size,opt_amsgrad,opt_beta_1,opt_beta_2,opt_decay,opt_epsilon,opt_learning_rate,opt_name,sample_weight,shuffle,steps_per_epoch,use_multiprocessing,validation_batch_size,validation_freq,validation_split,validation_steps,workers,accuracy,loss,val_accuracy,val_loss
2023-06-07 12:38:38,2.0min,f3407e42e181408ba3318df5a063edb2,,LOCAL,Cardiomegaly_model_densenet.py,marvin,FAILED,32,None,50,0,10,False,0.9,0.999,0.0,1e-07,0.0006,Adam,None,True,None,False,None,1,0.0,None,1,0.6061111092567444,0.8885306119918823,0.6050955653190613,0.841327428817749
2023-06-06 08:12:22,31.0min,a8f927c623da4febbaa18c6ce12e54ae,,LOCAL,Effusion_model_vgg.py,marvin,FINISHED,32,None,50,0,10,False,0.9,0.999,0.0,1e-07,0.0006,Adam,None,True,None,False,None,1,0.0,None,1,0.6939461827278137,0.6037473678588867,0.5471698045730591,0.8653433918952942
2023-06-06 07:41:18,30.6min,a85ba95e57b84dc9a645ba38f4e68f81,,LOCAL,Effusion_model_self.py,marvin,FINISHED,32,None,50,0,10,False,0.9,0.999,0.0,1e-07,0.0006,Adam,None,True,None,False,None,1,0.0,None,1,0.7219731211662292,0.5356930494308472,0.5157232880592346,0.6958801746368408
2023-06-06 07:09:25,31.1min,bd31a1e59195427a8562add1c3208a01,,LOCAL,Effusion_model_ResNet.py,marvin,FINISHED,32,None,50,0,10,False,0.9,0.999,0.0,1e-07,0.0006,Adam,None,True,None,False,None,1,0.0,None,1,0.7606502175331116,0.5489475727081299,0.698113203048706,0.681621253490448
2023-06-06 06:36:53,31.5min,bf4f2f8991c84150b83dac4694efd25a,,LOCAL,Effusion_model_inception.py,marvin,FINISHED,32,None,50,0,10,False,0.9,0.999,0.0,1e-07,0.0006,Adam,None,True,None,False,None,1,0.0,None,1,0.7247757911682129,0.5689579248428345,0.6666666865348816,0.680910587310791
2023-06-06 06:05:54,29.8min,2fa5e9f3f3c7445c8fa6e1c3cfe36d1b,,LOCAL,Effusion_model_densenet.py,marvin,FINISHED,32,None,50,0,10,False,0.9,0.999,0.0,1e-07,0.0006,Adam,None,True,None,False,None,1,0.0,None,1,0.746076226234436,0.5430609583854675,0.6415094137191772,0.7778626680374146
2023-06-06 05:34:31,30.9min,39e902efaec2445381176419246fc7f5,,LOCAL,Cardiomegaly_model_vgg.py,marvin,FINISHED,32,None,50,0,10,False,0.9,0.999,0.0,1e-07,0.0006,Adam,None,True,None,False,None,1,0.0,None,1,0.6549999713897705,0.6396067142486572,0.6815286874771118,0.636239230632782
2023-06-06 05:03:27,30.7min,af3a63c75a43447ca14e64977914fc58,,LOCAL,Cardiomegaly_model_self.py,marvin,FINISHED,32,None,50,0,10,False,0.9,0.999,0.0,1e-07,0.0006,Adam,None,True,None,False,None,1,0.0,None,1,0.7049999833106995,0.5736510157585144,0.5095541477203369,1.1708346605300903
2023-06-06 04:31:36,31.1min,1b3e982181ec4dbb9a9cbc53b32e77b3,,LOCAL,Cardiomegaly_model_ResNet.py,marvin,FINISHED,32,None,50,0,10,False,0.9,0.999,0.0,1e-07,0.0006,Adam,None,True,None,False,None,1,0.0,None,1,0.7527777552604675,0.5740110278129578,0.668789803981781,0.672751247882843
2023-06-06 03:59:15,31.3min,030dbd33af924903aa8f028e885bc43e,,LOCAL,Cardiomegaly_model_inception.py,marvin,FINISHED,32,None,50,0,10,False,0.9,0.999,0.0,1e-07,0.0006,Adam,None,True,None,False,None,1,0.0,None,1,0.726111114025116,0.5885829925537109,0.7006369233131409,0.6273540258407593
2023-06-06 03:28:17,29.7min,fb2c9dc99d1c4add8d56dcb0afeb64d2,,LOCAL,Cardiomegaly_model_densenet.py,marvin,FINISHED,32,None,50,0,10,False,0.9,0.999,0.0,1e-07,0.0006,Adam,None,True,None,False,None,1,0.0,None,1,0.721666693687439,0.5883190035820007,0.7261146306991577,0.61176997423172
2023-06-06 03:26:49,11.3s,2727f271f39e4f7e8d25c296f1e3d408,,LOCAL,Cardiomegaly_model_densenet.py,marvin,FAILED,32,None,50,0,10,,,,,,,,None,True,None,False,None,1,0.0,None,1,,,,
2023-06-06 02:03:47,18.7min,66eda5dbcca34ff6b78d43b4526ecb64,,LOCAL,Cardiomegaly_model_densenet.py,marvin,FINISHED,32,None,30,0,10,False,0.9,0.999,0.0,1e-07,0.0006,Adam,None,True,None,False,None,1,0.0,None,1,0.7311111092567444,0.5973328948020935,0.7579618096351624,0.6124102473258972
2023-06-06 02:02:33,16.2s,ac3a5588d44a49018e755a47fffa300e,,LOCAL,Cardiomegaly_model_densenet.py,marvin,FAILED,32,None,30,0,10,False,0.9,0.999,0.0,1e-07,0.0006,Adam,None,True,None,False,None,1,0.0,None,1,,,,
2023-06-06 02:01:42,16.3s,ec4e0878b3ac48e1b7fe9f5ea76569e0,,LOCAL,Cardiomegaly_model_densenet.py,marvin,FAILED,32,None,30,0,10,False,0.9,0.999,0.0,1e-07,0.0006,Adam,None,True,None,False,None,1,0.0,None,1,,,,
2023-06-06 01:08:20,19.0min,8746cb05dd61498d85e24d11c4553db1,,LOCAL,Cardiomegaly_model_vgg.py,marvin,FINISHED,32,None,30,0,10,False,0.9,0.999,0.0,1e-07,0.0006,Adam,None,True,None,False,None,1,0.0,None,1,0.6594444513320923,0.649938702583313,0.6369426846504211,0.6365853548049927
2023-06-06 00:49:26,18.5min,8a62652450714e928fa4b7a23edd9022,,LOCAL,Cardiomegaly_model_self.py,marvin,FINISHED,32,None,30,0,10,False,0.9,0.999,0.0,1e-07,0.0006,Adam,None,True,None,False,None,1,0.0,None,1,0.6255555748939514,0.6378930807113647,0.5987260937690735,0.6693746447563171
2023-06-06 00:29:33,19.1min,22da47393276484c8d843d6527763eaf,,LOCAL,Cardiomegaly_model_ResNet.py,marvin,FINISHED,32,None,30,0,10,False,0.9,0.999,0.0,1e-07,0.0006,Adam,None,True,None,False,None,1,0.0,None,1,0.7655555605888367,0.577559232711792,0.6878980994224548,0.683277428150177
2023-06-06 00:08:39,19.9min,122c5ae6eda445cfb2b870ca417c3032,,LOCAL,Cardiomegaly_model_inception.py,marvin,FINISHED,32,None,30,0,10,False,0.9,0.999,0.0,1e-07,0.0006,Adam,None,True,None,False,None,1,0.0,None,1,0.7311111092567444,0.5912908315658569,0.6942675113677979,0.6071913242340088
2023-06-05 23:46:35,20.8min,2484682595d54f9699eebf0015ff5d7b,,LOCAL,Cardiomegaly_model_densenet.py,marvin,FINISHED,32,None,30,0,10,False,0.9,0.999,0.0,1e-07,0.0006,Adam,None,True,None,False,None,1,0.0,None,1,0.7350000143051147,0.5902438759803772,0.7515923380851746,0.6031597256660461
2023-05-25 14:22:07,1.8min,49bde29dbe7d451985f7d275a4b7ec82,,LOCAL,train_model_ResNet.py,marvin,FAILED,32,None,150,0,10,False,0.9,0.999,0.0,1e-07,0.0006,Adam,None,True,None,False,None,1,0.0,None,1,0.38563501834869385,1.7289819717407227,0.35880398750305176,1.6380730867385864
2023-05-25 14:19:23,4.1s,71633429c2664f06b983839407c615be,,LOCAL,train_model_ResNet.py,marvin,FAILED,32,None,150,0,10,False,0.9,0.999,0.0,1e-07,0.0006,Adam,None,True,None,False,None,1,0.0,None,1,,,,
2023-05-23 08:43:25,1.7h,0fda9f4e64164efdb0476312328679ef,,LOCAL,train_model_self.py,marvin,FAILED,32,None,150,0,10,False,0.9,0.999,0.0,1e-07,0.0006,Adam,None,True,None,False,None,1,0.0,None,1,0.49106040596961975,1.1377203464508057,0.42192691564559937,1.3530852794647217
2023-05-23 05:58:31,2.7h,8f4c8618d2b0475fb168d8d81618189d,,LOCAL,train_model_ResNet.py,marvin,FINISHED,32,None,150,0,10,False,0.9,0.999,0.0,1e-07,0.0006,Adam,None,True,None,False,None,1,0.0,None,1,0.572749674320221,1.1102641820907593,0.4684385359287262,1.314136266708374
2023-05-23 03:12:45,2.7h,f232a572b2f94b4d81034a2ecf329bc1,,LOCAL,train_model_inception.py,marvin,FINISHED,32,None,150,0,10,False,0.9,0.999,0.0,1e-07,0.0006,Adam,None,True,None,False,None,1,0.0,None,1,0.5243526697158813,1.1768007278442383,0.47840532660484314,1.2440831661224365
2023-05-23 00:37:39,2.6h,2c6cb9760b6240f5828b2f1607f714ca,,LOCAL,train_model_densenet.py,marvin,FINISHED,32,None,150,0,10,False,0.9,0.999,0.0,1e-07,0.0006,Adam,None,True,None,False,None,1,0.0,None,1,0.5277435183525085,1.1309332847595215,0.4684385359287262,1.2770633697509766
2023-05-23 00:32:19,9.4s,64d26dd38a974b38bed4fad6be9c6646,,LOCAL,train_model_vgg.py,marvin,FAILED,32,None,2,0,10,False,0.9,0.999,0.0,1e-07,0.0006,Adam,None,True,None,False,None,1,0.0,None,1,,,,
2023-05-23 00:28:21,1.7s,1baac07642524ae0853ca070ff6ec025,,LOCAL,train_model_inception.py,marvin,FAILED,32,None,2,0,10,False,0.9,0.999,0.0,1e-07,0.0006,Adam,None,True,None,False,None,1,0.0,None,1,,,,
2023-05-23 00:26:00,0.9s,3d3ecd8b757d4861a94bb34c13928612,,LOCAL,train_model_densenet.py,marvin,FAILED,32,None,2,0,10,,,,,,,,None,True,None,False,None,1,0.0,None,1,,,,
2023-05-23 00:17:46,3.0min,9aad6bdcb55f4c0aa4093c071c31c006,,LOCAL,train_model_ResNet.py,marvin,FINISHED,32,None,2,0,10,False,0.9,0.999,0.0,1e-07,0.0006,Adam,None,True,None,False,None,1,0.0,None,1,0.43403205275535583,1.5439555644989014,0.4485049843788147,1.522720456123352
2023-05-23 00:16:21,1.3min,46a0fdeed1ac40cd8dae1db7d4c66190,,LOCAL,train_model_ResNet.py,marvin,FAILED,32,None,2,0,10,False,0.9,0.999,0.0,1e-07,0.0006,Adam,None,True,None,False,None,1,0.0,None,1,0.35850802063941956,1.740911841392517,0.3455149531364441,1.5886725187301636
2023-05-23 00:05:33,2.0s,b84fdd1e38794e89a1d429486077a4e4,,LOCAL,train_model_ResNet.py,marvin,FAILED,32,None,2,0,10,False,0.9,0.999,0.0,1e-07,0.0006,Adam,None,True,None,False,None,1,0.0,None,1,,,,
2023-05-22 23:52:37,32.6s,5df1cdee707143ccabd8ebffdc7d338e,,LOCAL,train_model_ResNet.py,marvin,FAILED,32,None,2,0,10,False,0.9,0.999,0.0,1e-07,0.0006,Adam,None,True,None,False,None,1,0.0,None,1,,,,
2023-05-22 23:48:19,2.5min,a3be450a2cf54d0183333af1a1b80524,,LOCAL,train_model_self.py,marvin,FINISHED,32,None,2,0,10,False,0.9,0.999,0.0,1e-07,0.0006,Adam,None,True,None,False,None,1,0.0,None,1,0.3387792706489563,1.3681294918060303,0.2657807171344757,1.3985264301300049
2023-05-22 23:47:01,4.7s,c09a394e96b14676859067401c2ada38,,LOCAL,train_model_self.py,marvin,FAILED,32,None,2,0,10,False,0.9,0.999,0.0,1e-07,0.0006,Adam,None,True,None,False,None,1,0.0,None,1,,,,
2023-05-22 23:46:35,17.8s,2f62448ce3d947c59a0f0f1abc8a3c1a,,LOCAL,train_model_self.py,marvin,FAILED,32,None,2,0,10,False,0.9,0.999,0.0,1e-07,0.0006,Adam,None,True,None,False,None,1,0.0,None,1,,,,
2023-05-22 23:38:53,2.6min,737cbeedc032412d903d02f160077ce9,,LOCAL,train_model_self.py,marvin,FINISHED,32,None,2,0,10,False,0.9,0.999,0.0,1e-07,0.0006,Adam,None,True,None,False,None,1,0.0,None,1,0.33600494265556335,1.3742703199386597,0.2657807171344757,1.3970192670822144
2023-05-22 23:38:10,2.9s,27882c7f3d7b41dc823f1e5e50892a53,,LOCAL,train_model_ResNet.py,marvin,FAILED,32,None,2,0,10,False,0.9,0.999,0.0,1e-07,0.0006,Adam,None,True,None,False,None,1,0.0,None,1,,,,
2023-05-22 23:31:01,2.6min,0ae938f5eadb4716b2301db554c5de0d,,LOCAL,train_model_self.py,marvin,FINISHED,32,None,2,0,10,False,0.9,0.999,0.0,1e-07,0.0006,Adam,None,True,None,False,None,1,0.0,None,1,0.3403205871582031,1.370155692100525,0.2657807171344757,1.3874595165252686
2023-05-22 20:51:50,2.6min,423bb623ba194dc8850fa2b8add049cd,,LOCAL,train_model_self.py,marvin,FINISHED,32,None,2,0,10,False,0.9,0.999,0.0,1e-07,0.0006,Adam,None,True,None,False,None,1,0.0,None,1,0.3390875458717346,1.3690065145492554,0.2657807171344757,1.3878597021102905
2023-05-22 20:46:50,12.4s,4febe56aaf794765844089ccde98a732,,LOCAL,train_model_self.py,marvin,FAILED,32,None,2,0,10,False,0.9,0.999,0.0,1e-07,0.0006,Adam,None,True,None,False,None,1,0.0,None,1,,,,
2023-05-22 19:34:51,2.6min,2749863dd27d490c8f44b66aafba3201,,LOCAL,train_model_vgg.py,marvin,FINISHED,32,None,2,0,10,False,0.9,0.999,0.0,1e-07,0.0006,Adam,None,True,None,False,None,1,0.0,None,1,0.3282983899116516,1.4600902795791626,0.2823920249938965,1.4833052158355713
2023-05-22 19:31:57,2.5min,6e1d5dd23f0e40e7b29ceeb1070d0d75,,LOCAL,train_model_self.py,marvin,FINISHED,32,None,2,0,10,False,0.9,0.999,0.0,1e-07,0.0006,Adam,None,True,None,False,None,1,0.0,None,1,0.3390875458717346,1.3703012466430664,0.2657807171344757,1.3967126607894897
2023-05-22 19:28:21,2.8min,3151045c32c245a690ee7d8eb18cf7db,,LOCAL,train_model_ResNet.py,marvin,FINISHED,32,None,2,0,10,False,0.9,0.999,0.0,1e-07,0.0006,Adam,None,True,None,False,None,1,0.0,None,1,0.41738593578338623,1.5052316188812256,0.38205981254577637,1.4848591089248657
2023-05-22 19:24:13,3.1min,b15bb701dde34d4a8373cd26df7cf5bb,,LOCAL,train_model_inception.py,marvin,FINISHED,32,None,2,0,10,False,0.9,0.999,0.0,1e-07,0.0006,Adam,None,True,None,False,None,1,0.0,None,1,0.35727497935295105,1.6590083837509155,0.41528239846229553,1.5756242275238037
2023-05-22 19:19:47,3.2min,f59548cfc5e749be9cf62dbe8723ecec,,LOCAL,train_model_densenet.py,marvin,FINISHED,32,None,2,0,10,False,0.9,0.999,0.0,1e-07,0.0006,Adam,None,True,None,False,None,1,0.0,None,1,0.3884093761444092,1.490906834602356,0.3322259187698364,1.4888665676116943
2023-05-22 19:19:26,7.7s,2f139f117d2b46d89df495fde1fea1ea,,LOCAL,train_model_inception.py,marvin,FAILED,32,None,2,0,10,False,0.9,0.999,0.0,1e-07,0.0006,Adam,None,True,None,False,None,1,0.0,None,1,,,,
2023-05-22 16:56:48,2.7min,96ac3475dc5f4b9e9a50f9f1666ec199,,LOCAL,train_model_vgg.py,marvin,FINISHED,32,None,2,0,10,False,0.9,0.999,0.0,1e-07,0.0006,Adam,None,True,None,False,None,1,0.0,None,1,0.3409371078014374,1.4386630058288574,0.27906978130340576,1.469860553741455
2023-05-22 16:54:08,2.5min,e251b601fdc64989b520071428c5d8b8,,LOCAL,train_model_self.py,marvin,FINISHED,32,None,2,0,10,False,0.9,0.999,0.0,1e-07,0.0006,Adam,None,True,None,False,None,1,0.0,None,1,0.33816275000572205,1.364311695098877,0.2657807171344757,1.396972894668579
2023-05-22 16:50:48,2.9min,4ce22aa582fa44bda993df550504a8a0,,LOCAL,train_model_ResNet.py,marvin,FINISHED,32,None,2,0,10,False,0.9,0.999,0.0,1e-07,0.0006,Adam,None,True,None,False,None,1,0.0,None,1,0.42478421330451965,1.5064963102340698,0.3887043297290802,1.5117589235305786
2023-05-22 16:46:23,3.3min,2be6b74b5794479e9410982f93604ed8,,LOCAL,train_model_densenet.py,marvin,FINISHED,32,None,2,0,10,False,0.9,0.999,0.0,1e-07,0.0006,Adam,None,True,None,False,None,1,0.0,None,1,0.37145498394966125,1.495639443397522,0.3089700937271118,1.4963914155960083
2023-05-22 16:39:07,3.4min,0d6237ffd3a84dd487d1da5a03c0ba9c,,LOCAL,train_model_densenet.py,marvin,FINISHED,32,None,2,0,10,False,0.9,0.999,0.0,1e-07,0.0006,Adam,None,True,None,False,None,1,0.0,None,1,0.370838463306427,1.491542100906372,0.2823920249938965,1.5186023712158203
2023-05-22 16:35:37,17.8s,91b596306d34496f8bb6352ea78e20d7,,LOCAL,train_model_densenet.py,marvin,FAILED,32,None,2,0,10,False,0.9,0.999,0.0,1e-07,0.0006,Adam,None,True,None,False,None,1,0.0,None,1,,,,
2023-05-22 16:35:00,17.2s,83fac38924384c70846b4b2a8c82491f,,LOCAL,train_model_densenet.py,marvin,FAILED,32,None,2,0,10,False,0.9,0.999,0.0,1e-07,0.0006,Adam,None,True,None,False,None,1,0.0,None,1,,,,
2023-05-22 16:28:38,11.9s,50d108dbbd6a464396f6e986dbd16047,,LOCAL,train_model_densenet.py,marvin,FAILED,32,None,2,0,10,,,,,,,,None,True,None,False,None,1,0.0,None,1,,,,
2023-05-22 15:39:57,2.9min,df9eb0c97a2c46c98073985a0b3620f6,,LOCAL,train_model_ResNet.py,marvin,FINISHED,32,None,2,0,10,False,0.9,0.999,0.0,1e-07,0.0006,Adam,None,True,None,False,None,1,0.0,None,1,0.40813809633255005,1.5263729095458984,0.4451827108860016,1.4753230810165405
2023-05-22 15:39:26,11.6s,42f8aa80567c4f98ab9a1b8bd5c4e277,,LOCAL,train_model_ResNet.py,marvin,FAILED,32,None,50,0,10,False,0.9,0.999,0.0,1e-07,0.0006,Adam,None,True,None,False,None,1,0.0,None,1,,,,
2023-05-22 15:37:47,4.7s,50610e4a65f8447f9826bc630fecd9b0,,LOCAL,train_model_ResNet.py,marvin,FAILED,32,None,50,0,10,False,0.9,0.999,0.0,1e-07,0.0006,Adam,None,True,None,False,None,1,0.0,None,1,,,,
2023-05-22 15:36:44,4.7s,4d4c8759a7bb4ae8894f57b3b6b3ceaf,,LOCAL,train_model_ResNet.py,marvin,FAILED,32,None,50,0,10,False,0.9,0.999,0.0,1e-07,0.0006,Adam,None,True,None,False,None,1,0.0,None,1,,,,
2023-05-22 15:35:40,4.7s,5adc654913454ec4a9cf4cd722ee55f2,,LOCAL,train_model_ResNet.py,marvin,FAILED,32,None,50,0,10,False,0.9,0.999,0.0,1e-07,0.0006,Adam,None,True,None,False,None,1,0.0,None,1,,,,
2023-05-22 15:35:19,2.9s,8b76d65da650422782eb7a16c8c2c47b,,LOCAL,train_model_self.py,marvin,FAILED,32,None,3,0,10,False,0.9,0.999,0.0,1e-07,0.0006,Adam,None,True,None,False,None,1,0.0,None,1,,,,
2023-05-22 15:34:55,3.1s,7d40a664ac7b4d1fa4a1ccd799de2c40,,LOCAL,train_model_self.py,marvin,FAILED,32,None,3,0,10,False,0.9,0.999,0.0,1e-07,0.0006,Adam,None,True,None,False,None,1,0.0,None,1,,,,
2023-05-22 03:08:33,1.5min,6330a371541047a48ffb9e12f480a2a2,,LOCAL,train_model_self.py,marvin,FINISHED,32,None,1,0,10,False,0.9,0.999,0.0,1e-07,0.0006,Adam,None,True,None,False,None,1,0.0,None,1,0.32521578669548035,1.4015058279037476,0.27242523431777954,1.3889319896697998
2023-05-21 23:49:47,2.7min,b1ab6ecc8ea7419c851fb3869fd42dbd,,LOCAL,train_model_vgg.py,marvin,FAILED,32,None,50,0,10,False,0.9,0.999,0.0,1e-07,0.0006,Adam,None,True,None,False,None,1,0.0,None,1,0.31011098623275757,1.6193252801895142,0.2823920249938965,1.499962329864502
2023-05-21 23:15:45,11.8min,e2dc90d538134eb88b6f873f748bf2bb,,LOCAL,train_model_self.py,marvin,FINISHED,32,None,10,0,10,False,0.9,0.999,0.0,1e-07,0.0009,Adam,None,True,None,False,None,1,0.0,None,1,0.3390875458717346,1.3526593446731567,0.262458473443985,1.3919757604599
2023-05-21 23:04:46,10.7min,0b81f335975b43459b498b94ca7d5e86,,LOCAL,train_model_self.py,marvin,FAILED,32,None,50,0,10,False,0.9,0.999,0.0,1e-07,0.0009,Adam,None,True,None,False,None,1,0.0,None,1,0.3529593050479889,1.3388363122940063,0.2823920249938965,1.3647023439407349
2023-05-21 23:04:01,5.5s,0aa2943189964e19b481b18f76ef4e39,,LOCAL,train_model_self.py,marvin,FAILED,32,None,50,0,10,False,0.9,0.999,0.0,1e-07,0.0009,Adam,None,True,None,False,None,1,0.0,None,1,,,,
2023-05-21 23:01:45,5.4s,dea17332d2054d9c851aaa150d41bef3,,LOCAL,train_model_self.py,marvin,FAILED,32,None,50,0,10,False,0.9,0.999,0.0,1e-07,0.0009,Adam,None,True,None,False,None,1,0.0,None,1,,,,
2023-05-21 21:16:04,23.2min,7552515f0dd6427c920d8f45ac79758b,,LOCAL,train_model_inception.py,marvin,FINISHED,32,None,20,0,10,False,0.9,0.999,0.0,1e-07,0.0009,Adam,None,True,None,False,None,1,0.0,None,1,0.4062885344028473,1.3043503761291504,0.39534884691238403,1.3117914199829102
2023-05-21 21:14:35,8.7s,73628ec5fa4543afbbd98de21c670f79,,LOCAL,train_model_inception.py,marvin,FAILED,32,None,20,0,10,False,0.9,0.999,0.0,1e-07,0.0009,Adam,None,True,None,False,None,1,0.0,None,1,,,,
2023-05-21 21:11:32,7.4s,6b82b9ae3f3d4e45a8e02ff98762657b,,LOCAL,train_model_inception.py,marvin,FAILED,32,None,20,0,10,False,0.9,0.999,0.0,1e-07,0.0009,Adam,None,True,None,False,None,1,0.0,None,1,,,,
2023-05-21 21:11:02,7.4s,4b7f0db645a64938b09492f8ca31b0ad,,LOCAL,train_model_inception.py,marvin,FAILED,32,None,20,0,10,False,0.9,0.999,0.0,1e-07,0.0009,Adam,None,True,None,False,None,1,0.0,None,1,,,,
2023-05-21 19:55:16,55.8min,c48974511ee44d45b51207288915d079,,LOCAL,train_model_ResNet.py,marvin,FINISHED,32,None,50,0,10,False,0.9,0.999,0.0,1e-07,0.0009,Adam,None,True,None,False,None,1,0.0,None,1,0.532367467880249,1.1593668460845947,0.49501660466194153,1.2079102993011475
2023-05-21 19:09:04,9.3min,d90a757469da49a0855e94b8513593c7,,LOCAL,train_model.py,marvin,FINISHED,32,None,10,0,10,False,0.9,0.999,0.0,1e-07,0.0009,Adam,None,True,None,False,None,1,0.0,None,1,0.5487421154975891,1.0222022533416748,0.4151785671710968,1.21053946018219
2023-05-21 19:07:37,9.1s,c65912f1dca94984b3a99041c7c04e3a,,LOCAL,train_model.py,marvin,FAILED,32,None,10,0,10,False,0.9,0.999,0.0,1e-07,0.0009,Adam,None,True,None,False,None,1,0.0,None,1,,,,
2023-05-21 19:07:20,4.7s,a686c5d8cc4c45aca6e6ec20ba1b171c,,LOCAL,train_model.py,marvin,FAILED,32,None,100,0,10,False,0.9,0.999,0.0,1e-07,0.0009,Adam,None,True,None,False,None,1,0.0,None,1,,,,
2023-05-21 18:56:17,9.5min,24a04c9042fe42cea53968a39166cc05,,LOCAL,train_model_ResNet.py,marvin,FINISHED,32,None,10,0,10,False,0.9,0.999,0.0,1e-07,0.0009,Adam,None,True,None,False,None,1,0.0,None,1,0.5577830076217651,1.0123190879821777,0.4955357015132904,1.0773751735687256
2023-05-21 18:38:36,7.2min,56ec8d1947f44b039d55a24f3ab9bbf8,,LOCAL,train_model_ResNet.py,marvin,FINISHED,32,None,10,0,10,False,0.9,0.999,0.0,1e-07,0.0009,Adam,None,True,None,False,None,1,0.0,None,1,0.7005376219749451,5.151424407958984,0.5793103575706482,5.659011363983154
2023-05-21 18:35:04,2.7min,45753b11c4944f27b687925c8922c629,,LOCAL,train_model_ResNet.py,marvin,FAILED,32,None,10,0,10,False,0.9,0.999,0.0,1e-07,0.0009,Adam,None,True,None,False,None,1,0.0,None,1,0.6349462270736694,0.7393595576286316,0.634482741355896,0.7617732286453247
2023-05-21 18:25:40,6.8min,cc57f3ea4ec84e4cbe9119a0380aae2e,,LOCAL,train_model_ResNet.py,marvin,FINISHED,32,None,10,0,10,False,0.9,0.999,0.0,1e-07,0.0009,Adam,None,True,None,False,None,1,0.0,None,1,0.7275784611701965,0.6059107780456543,0.704402506351471,0.6678569912910461
2023-05-21 18:15:35,8.0min,84cdeaab2e1a454f8fc2fa8e4d4664c3,,LOCAL,train_model_ResNet.py,marvin,FINISHED,32,None,10,0,10,False,0.9,0.999,0.0,1e-07,0.0009,Adam,None,True,None,False,None,1,0.0,None,1,0.6695454716682434,0.6587321758270264,0.675000011920929,0.6677360534667969
2023-05-21 18:03:15,8.1min,666b90a398214acd9ebac6563a4279b9,,LOCAL,train_model_ResNet.py,marvin,FINISHED,32,None,10,0,10,False,0.9,0.999,0.0,1e-07,0.0009,Adam,None,True,None,False,None,1,0.0,None,1,0.6563636660575867,0.7477325797080994,0.675000011920929,0.715944766998291
2023-05-21 17:53:49,8.1min,3c141da3b52e4df3ac048537b4659c94,,LOCAL,train_model_ResNet.py,marvin,FINISHED,32,None,10,0,10,False,0.9,0.999,0.0,1e-07,0.0006,Adam,None,True,None,False,None,1,0.0,None,1,0.6490908861160278,0.813828706741333,0.6937500238418579,0.8193521499633789
2023-05-21 17:43:22,3.0min,c9225727b1844d5eaa6bd0ed0bdfdd47,,LOCAL,train_model_ResNet.py,marvin,FAILED,32,None,10,0,10,False,0.9,0.999,0.0,1e-07,0.0004,Adam,None,True,None,False,None,1,0.0,None,1,0.6395454406738281,2.022709608078003,0.6000000238418579,3.015230655670166
2023-05-21 16:48:40,5.5min,141e32a3ca9b4da3b28c97cdbd9a9d9e,,LOCAL,train_model_ResNet.py,marvin,FINISHED,32,None,10,0,10,False,0.9,0.999,0.0,1e-07,0.0004,Adam,None,True,None,False,None,1,0.0,None,1,0.7035714387893677,2.0728986263275146,0.6312500238418579,2.56512451171875
2023-05-19 13:15:28,49.5min,ad4018d4c19645cba0621c31e0c42f4e,,LOCAL,train_model_ResNet.py,marvin,FINISHED,32,None,50,0,10,False,0.9,0.999,0.0,1e-07,0.0004,Adam,None,True,None,False,None,1,0.0,None,1,0.5996428728103638,4.029929161071777,0.40937501192092896,8.464841842651367
2023-05-18 22:25:18,20.1min,954cd10b7e124fac867e8c52a28c240a,,LOCAL,train_model_ResNet.py,marvin,FINISHED,32,None,20,0,10,False,0.9,0.999,0.0,1e-07,0.0006,Adam,None,True,None,False,None,1,0.0,None,1,0.5400000214576721,5.773197650909424,0.328125,11.019041061401367
2023-05-18 21:29:55,35.0min,55e65a320c244196be3e4dd0e2c9386a,,LOCAL,train_model_ResNet.py,marvin,FINISHED,32,None,20,0,10,False,0.9,0.999,0.0,1e-07,0.0006,Adam,None,True,None,False,None,1,0.0,None,1,0.3777551054954529,10.549715042114258,0.28214284777641296,13.13296127319336
2023-05-18 20:42:55,8.8min,1ff43a3ca0884faa876205b11c1d5d9a,,LOCAL,train_model_ResNet.py,marvin,FINISHED,32,None,8,0,10,False,0.9,0.999,0.0,1e-07,0.0006,Adam,None,True,None,False,None,1,0.0,None,1,0.3335714340209961,8.137046813964844,0.2589285671710968,9.904945373535156
2023-05-18 20:29:18,8.8min,c5daab8642724820aab0eea1caeeb6e8,,LOCAL,train_model_ResNet.py,marvin,FINISHED,32,None,8,0,10,False,0.9,0.999,0.0,1e-07,0.0006,Adam,None,True,None,False,None,1,0.0,None,1,0.3335714340209961,8.184882164001465,0.21607142686843872,10.447432518005371
2023-05-18 00:26:58,1.6h,e39aaf988e4447b4a35d2f6e3507eb1e,,LOCAL,train_model.py,marvin,FINISHED,32,None,100,0,10,False,0.9,0.999,0.0,1e-07,0.0006,Adam,None,True,None,False,None,1,0.0,None,1,0.386428564786911,1.602769136428833,0.25,1.8784995079040527
2023-05-18 00:16:47,4.0min,6c9d45092a8e4cd0b38babf73d3906c6,,LOCAL,train_model.py,marvin,FINISHED,64,None,3,0,10,False,0.9,0.999,0.0,1e-07,0.0006,Adam,None,True,None,False,None,1,0.0,None,1,0.21785713732242584,1.904482126235962,0.19107143580913544,1.941506266593933
2023-05-18 00:11:10,4.1min,10897cb97f65429fb7f9667c6d1166d7,,LOCAL,train_model.py,marvin,FINISHED,32,None,3,0,10,False,0.9,0.999,0.0,1e-07,0.0006,Adam,None,True,None,False,None,1,0.0,None,1,0.22678571939468384,1.8814188241958618,0.20892857015132904,1.9399840831756592
2023-05-18 00:03:52,4.0min,5e7960bcb42f41f29e5fe45fc9051c2d,,LOCAL,train_model.py,marvin,FAILED,32,None,3,0,10,False,0.9,0.999,0.0,1e-07,0.0006,Adam,None,True,None,False,None,1,0.0,None,1,0.13928571343421936,1.9629015922546387,0.1428571492433548,1.9694451093673706
2023-05-17 23:59:29,31.1s,5702e07cf43e456b88c662726fac833d,,LOCAL,train_model.py,marvin,FAILED,32,None,3,0,10,False,0.9,0.999,0.0,1e-07,0.0006,Adam,None,True,None,False,None,1,0.0,None,1,,,,
2023-05-17 23:55:50,30.4s,587ee984ae9640d4b0cf7c4154604b57,,LOCAL,train_model.py,marvin,FAILED,32,None,3,0,10,False,0.9,0.999,0.0,1e-07,0.0006,Adam,None,True,None,False,None,1,0.0,None,1,,,,
2023-05-17 23:24:51,3.6min,9e8b5222c5da4b56a5d8626737834428,,LOCAL,train_model.py,marvin,FINISHED,32,None,3,0,10,False,0.9,0.999,0.0,1e-07,0.0006,Adam,None,True,None,False,None,1,0.0,None,1,0.26821428537368774,6.839965343475342,0.20357142388820648,8.17932415008545
2023-05-17 23:20:36,6.1s,aa20881f242e421abda9ea7b26109772,,LOCAL,train_model.py,marvin,FAILED,32,None,3,0,10,False,0.9,0.999,0.0,1e-07,0.0006,Adam,None,True,None,False,None,1,0.0,None,1,,,,
2023-05-17 23:18:26,6.8s,1b44d8721c91435a804a0daba7d8cab6,,LOCAL,train_model.py,marvin,FAILED,32,None,3,0,10,False,0.9,0.999,0.0,1e-07,0.0006,Adam,None,True,None,False,None,1,0.0,None,1,,,,
